{
    "damping_values": [
        [
            0.4624423384666443,
            0.784010112285614,
            0.20376965403556824
        ],
        [
            0.3315454125404358,
            0.5548263788223267,
            0.22069792449474335
        ],
        [
            0.66070556640625,
            0.532028079032898,
            0.0698113963007927
        ],
        [
            0.39756548404693604,
            0.7707743644714355,
            0.11766321957111359
        ],
        [
            0.38681676983833313,
            0.8102311491966248,
            0.450516015291214
        ],
        [
            0.3825182616710663,
            0.6786343455314636,
            0.39032047986984253
        ],
        [
            0.5681873559951782,
            0.6760348081588745,
            0.24488437175750732
        ],
        [
            0.38857612013816833,
            0.7080535292625427,
            0.3002493679523468
        ],
        [
            0.41086694598197937,
            0.636645495891571,
            0.39327797293663025
        ],
        [
            0.2717611491680145,
            0.7109306454658508,
            0.08627177774906158
        ],
        [
            0.46455833315849304,
            0.7480325698852539,
            0.13893282413482666
        ],
        [
            0.41444000601768494,
            0.5866140723228455,
            0.39450278878211975
        ],
        [
            0.46528398990631104,
            0.5482404828071594,
            0.20856794714927673
        ],
        [
            0.04803337901830673,
            0.5606364607810974,
            0.26042893528938293
        ],
        [
            0.4304717779159546,
            0.628287136554718,
            0.31030353903770447
        ],
        [
            0.4757618308067322,
            0.6779364347457886,
            0.23797507584095
        ]
    ],
    "t_E": [
        5.174008369445801
    ],
    "t_ISy": [
        9.535995483398438
    ],
    "t_ISev": [
        7.778017044067383
    ],
    "t_Cr": [
        12.34131145477295
    ],
    "mu_CR": [
        0.2200482189655304
    ],
    "mu_IH": [
        0.1298089325428009
    ],
    "mu_HU": [
        0.07147053629159927
    ],
    "mu_UD": [
        0.15166029334068298
    ],
    "transmission_prob": [
        0.0604061484336853
    ]
}
