{
    "damping_values": [
        [
            0.6269024610519409,
            0.5259666442871094,
            0.19935020804405212
        ],
        [
            0.4986288249492645,
            0.6314758062362671,
            0.5911352634429932
        ],
        [
            0.7297945022583008,
            0.4890323281288147,
            0.4414113759994507
        ],
        [
            0.5516753196716309,
            0.31199249625205994,
            0.3911513388156891
        ],
        [
            0.6295880079269409,
            0.3317428529262543,
            0.5374687314033508
        ],
        [
            0.5362910628318787,
            0.5087212920188904,
            0.4357401132583618
        ],
        [
            0.6644315719604492,
            0.6041248440742493,
            0.4300190210342407
        ],
        [
            0.6102818846702576,
            0.5287332534790039,
            0.33934327960014343
        ],
        [
            0.5450303554534912,
            0.5795100927352905,
            0.42505118250846863
        ],
        [
            0.5250562429428101,
            0.45008111000061035,
            0.35026806592941284
        ],
        [
            0.590684175491333,
            0.38958168029785156,
            0.5507939457893372
        ],
        [
            0.8061721920967102,
            0.5726944208145142,
            0.3249492943286896
        ],
        [
            0.4839973449707031,
            0.41234490275382996,
            0.4698914885520935
        ],
        [
            0.2769519090652466,
            0.49878713488578796,
            0.5942624807357788
        ],
        [
            0.5798535346984863,
            0.4675365388393402,
            0.5006377696990967
        ],
        [
            0.6143195033073425,
            0.5665119290351868,
            0.5478976368904114
        ]
    ],
    "t_E": [
        3.9969379901885986
    ],
    "t_ISy": [
        9.126093864440918
    ],
    "t_ISev": [
        9.582155227661133
    ],
    "t_Cr": [
        16.567821502685547
    ],
    "mu_CR": [
        0.28144094347953796
    ],
    "mu_IH": [
        0.11749740689992905
    ],
    "mu_HU": [
        0.05947368964552879
    ],
    "mu_UD": [
        0.029902879148721695
    ],
    "transmission_prob": [
        0.18805530667304993
    ]
}
